# The claimed server lines, one row per line, as the pair every container check needs: the target
# framework this plugin is built for and the server image that runs it.
#
# It is a file rather than a list inside each workflow because more than one check needs the pair,
# and two copies of it disagree the first time a line moves. What a workflow holds instead is the
# framework it is already working from, and it asks here for the rest.
#
# The 12.0 entry is a release candidate. docs/compatibility.md says so in its own words and this
# file does not repeat the argument.
#
# framework	image
net9.0	jellyfin/jellyfin:10.11.11
net10.0	jellyfin/jellyfin:12.0-rc4
